Sample Size,evaluation,verification
30,7.810419082641602,5.581019163131714
40,11.16077733039856,7.136636972427368
50,13.54627799987793,8.070465803146362
60,15.340199708938599,10.403480768203735
70,18.45276713371277,11.571211814880371
80,20.218087434768677,13.27044677734375
90,24.314757823944092,14.171758890151978
100,25.404266595840454,16.826287984848022
